[{"model": "accounts.user", "pk": 1, "fields": {"password": "pbkdf2_sha256$390000$fSZZidWcN7ulSbZJJQq4sO$rZtCenZC0wdKHNBgO50I+sKV1A0uYJwKx/tpI4pPxl8=", "last_login": "2022-11-18T01:04:49.344Z", "is_superuser": true, "is_staff": true, "is_active": true, "date_joined": "2022-11-13T00:46:42.739Z", "is_deleted": false, "deleted_at": null, "persona": null, "email": "admin@localhost", "username": "admin", "groups": [], "user_permissions": [41, 42, 43, 44, 45, 46, 47, 48, 1, 2, 3, 4, 9, 10, 11, 12, 5, 6, 7, 8, 13, 14, 15, 16, 49, 50, 51, 52, 37, 38, 39, 40, 21, 22, 23, 24, 25, 26, 27, 28, 33, 34, 35, 36, 29, 30, 31, 32, 17, 18, 19, 20, 53, 54, 55, 56, 57, 58, 59, 60, 65, 66, 67, 68, 61, 62, 63, 64]}}, {"model": "accounts.user", "pk": 2, "fields": {"password": "pbkdf2_sha256$390000$962Mgn7580QdGYZRBcAkgn$QAGN6LUcT5C4m2oPca6f1OM1zaNsvUgTidqO9K1r1wA=", "last_login": "2022-11-17T20:14:59.001Z", "is_superuser": false, "is_staff": false, "is_active": true, "date_joined": "2022-11-13T20:05:00.817Z", "is_deleted": false, "deleted_at": null, "persona": 5, "email": "guilequin@gmail.com", "username": "35789456", "groups": [], "user_permissions": []}}, {"model": "accounts.user", "pk": 3, "fields": {"password": "pbkdf2_sha256$390000$3BJ3sYYYKutWu0AbVicRia$4dXCwd1l3Lzx6OAGKoZNVlO8IEu2VQrj4/arSpi6NvI=", "last_login": "2022-11-17T02:03:19.879Z", "is_superuser": false, "is_staff": false, "is_active": true, "date_joined": "2022-11-13T20:19:55.192Z", "is_deleted": false, "deleted_at": null, "persona": 1, "email": "facurodri00@gmail.com", "username": "42812957", "groups": [], "user_permissions": []}}, {"model": "accounts.user", "pk": 4, "fields": {"password": "pbkdf2_sha256$390000$Qy3SUt15j7ovWV5C6VS4d6$zUrP4D5MI97ygGeB+aas/wanDD3KKP+b0IozyU5Ol6I=", "last_login": "2022-11-14T13:35:28.824Z", "is_superuser": false, "is_staff": false, "is_active": true, "date_joined": "2022-11-14T13:34:54.274Z", "is_deleted": false, "deleted_at": null, "persona": 4, "email": "toncho@gmail.com", "username": "38139660", "groups": [], "user_permissions": []}}, {"model": "accounts.user", "pk": 5, "fields": {"password": "pbkdf2_sha256$390000$7xkDCzB1IK12sgechUGz19$zhMMvhlBqsh0cqcZ+uJpaC0Nmoqz3s6LDu9DkDznSoo=", "last_login": "2022-11-14T17:01:32.343Z", "is_superuser": false, "is_staff": false, "is_active": true, "date_joined": "2022-11-14T17:00:47.984Z", "is_deleted": false, "deleted_at": null, "persona": 13, "email": "ivanparedes@gmail.com", "username": "41631892", "groups": [], "user_permissions": []}}, {"model": "accounts.persona", "pk": 1, "fields": {"is_deleted": false, "deleted_at": null, "dni": "42812957", "sexo": 1, "club": 1, "nombre": "Facundo Joel", "apellido": "Rodriguez", "fecha_nacimiento": "2000-10-18", "imagen": "img/persona/42812957/82185200.jpeg"}}, {"model": "accounts.persona", "pk": 2, "fields": {"is_deleted": false, "deleted_at": null, "dni": "13897828", "sexo": 1, "club": 1, "nombre": "Miguel Angel", "apellido": "Rodriguez", "fecha_nacimiento": "1960-04-15", "imagen": "img/persona/13897828/cuti-romero.jpeg"}}, {"model": "accounts.persona", "pk": 3, "fields": {"is_deleted": false, "deleted_at": null, "dni": "14721054", "sexo": 2, "club": 1, "nombre": "Lucia Magdalena", "apellido": "Gradeneker", "fecha_nacimiento": "1961-06-05", "imagen": "img/persona/14721054/antonela.jpeg"}}, {"model": "accounts.persona", "pk": 4, "fields": {"is_deleted": false, "deleted_at": null, "dni": "38139660", "sexo": 1, "club": 1, "nombre": "Martin Octavio", "apellido": "Rodriguez", "fecha_nacimiento": "1994-09-02", "imagen": "img/persona/38139660/neymar.jpg"}}, {"model": "accounts.persona", "pk": 5, "fields": {"is_deleted": false, "deleted_at": null, "dni": "35789456", "sexo": 1, "club": 1, "nombre": "Guillermo", "apellido": "Quintana", "fecha_nacimiento": "1994-04-15", "imagen": "img/persona/35789456/lautaro-martinez.jpeg"}}, {"model": "accounts.persona", "pk": 13, "fields": {"is_deleted": false, "deleted_at": null, "dni": "41631892", "sexo": 1, "club": 1, "nombre": "Ivan Fernando", "apellido": "Paredes", "fecha_nacimiento": "1999-01-29", "imagen": "img/solicitudsocio/41631892/lionelmessi.jpg"}}, {"model": "accounts.persona", "pk": 14, "fields": {"is_deleted": false, "deleted_at": null, "dni": "41587989", "sexo": 1, "club": 1, "nombre": "Franco Gabriel", "apellido": "Rodriguez", "fecha_nacimiento": "2020-02-06", "imagen": "img/persona/41587989/neymar.jpg"}}, {"model": "accounts.persona", "pk": 15, "fields": {"is_deleted": false, "deleted_at": null, "dni": "65489849", "sexo": 1, "club": 1, "nombre": "Thiago", "apellido": "Messi", "fecha_nacimiento": "2015-05-07", "imagen": "img/persona/65489849/thiagomessi.jpg"}}, {"model": "accounts.persona", "pk": 16, "fields": {"is_deleted": false, "deleted_at": null, "dni": "98765465", "sexo": 1, "club": 1, "nombre": "Rodrigo Lionel", "apellido": "Antoniak", "fecha_nacimiento": "1999-05-13", "imagen": "img/persona/98765465/nahuel-molina.jpg"}}, {"model": "accounts.persona", "pk": 17, "fields": {"is_deleted": false, "deleted_at": null, "dni": "95175365", "sexo": 1, "club": 1, "nombre": "Mateo", "apellido": "Messi", "fecha_nacimiento": "2001-05-10", "imagen": "img/persona/95175365/mateomessi.jpeg"}}, {"model": "accounts.persona", "pk": 18, "fields": {"is_deleted": false, "deleted_at": null, "dni": "95465889", "sexo": 1, "club": 1, "nombre": "Lionel Andres", "apellido": "Messi", "fecha_nacimiento": "2016-05-05", "imagen": "img/persona/95465889/lionelmessi.jpg"}}, {"model": "core.club", "pk": 1, "fields": {"is_deleted": false, "deleted_at": null, "localidad": 8, "nombre": "Club Atletico Bartolome Mitre", "direccion": "Av. Martin Fierro 123", "email": "", "imagen": "img/club_logo/1/Club_atletico_bartolome_mitre_escudo.jpg"}}, {"model": "parameters.parentesco", "pk": 1, "fields": {"nombre": "Hijo/a"}}, {"model": "parameters.parentesco", "pk": 2, "fields": {"nombre": "Cónyuge"}}, {"model": "parameters.parentesco", "pk": 3, "fields": {"nombre": "Hermano/a"}}, {"model": "parameters.parentesco", "pk": 4, "fields": {"nombre": "Nieto/a"}}, {"model": "parameters.parentesco", "pk": 5, "fields": {"nombre": "Sobrino/a"}}, {"model": "parameters.sexo", "pk": 1, "fields": {"nombre": "Masculino"}}, {"model": "parameters.sexo", "pk": 2, "fields": {"nombre": "Femenino"}}, {"model": "parameters.sexo", "pk": 3, "fields": {"nombre": "No binario"}}, {"model": "parameters.sexo", "pk": 4, "fields": {"nombre": "No especificado"}}, {"model": "parameters.sexo", "pk": 5, "fields": {"nombre": "Prefiero no decirlo"}}, {"model": "parameters.pais", "pk": 1, "fields": {"nombre": "Argentina"}}, {"model": "parameters.provincia", "pk": 1, "fields": {"nombre": "Buenos Aires", "pais": 1}}, {"model": "parameters.provincia", "pk": 2, "fields": {"nombre": "CABA", "pais": 1}}, {"model": "parameters.provincia", "pk": 3, "fields": {"nombre": "Catamarca", "pais": 1}}, {"model": "parameters.provincia", "pk": 4, "fields": {"nombre": "Chaco", "pais": 1}}, {"model": "parameters.provincia", "pk": 5, "fields": {"nombre": "Chubut", "pais": 1}}, {"model": "parameters.provincia", "pk": 6, "fields": {"nombre": "Córdoba", "pais": 1}}, {"model": "parameters.provincia", "pk": 7, "fields": {"nombre": "Corrientes", "pais": 1}}, {"model": "parameters.provincia", "pk": 8, "fields": {"nombre": "Entre Ríos", "pais": 1}}, {"model": "parameters.provincia", "pk": 9, "fields": {"nombre": "Formosa", "pais": 1}}, {"model": "parameters.provincia", "pk": 10, "fields": {"nombre": "Jujuy", "pais": 1}}, {"model": "parameters.provincia", "pk": 11, "fields": {"nombre": "La Pampa", "pais": 1}}, {"model": "parameters.provincia", "pk": 12, "fields": {"nombre": "La Rioja", "pais": 1}}, {"model": "parameters.provincia", "pk": 13, "fields": {"nombre": "Mendoza", "pais": 1}}, {"model": "parameters.provincia", "pk": 14, "fields": {"nombre": "Misiones", "pais": 1}}, {"model": "parameters.provincia", "pk": 15, "fields": {"nombre": "Neuquén", "pais": 1}}, {"model": "parameters.provincia", "pk": 16, "fields": {"nombre": "Río Negro", "pais": 1}}, {"model": "parameters.provincia", "pk": 17, "fields": {"nombre": "Salta", "pais": 1}}, {"model": "parameters.provincia", "pk": 18, "fields": {"nombre": "San Juan", "pais": 1}}, {"model": "parameters.provincia", "pk": 19, "fields": {"nombre": "San Luis", "pais": 1}}, {"model": "parameters.provincia", "pk": 20, "fields": {"nombre": "Santa Cruz", "pais": 1}}, {"model": "parameters.provincia", "pk": 21, "fields": {"nombre": "Santa Fe", "pais": 1}}, {"model": "parameters.provincia", "pk": 22, "fields": {"nombre": "Santiago del Estero", "pais": 1}}, {"model": "parameters.provincia", "pk": 23, "fields": {"nombre": "Tierra del Fuego, Antártida e Islas del Atlántico Sur", "pais": 1}}, {"model": "parameters.provincia", "pk": 24, "fields": {"nombre": "Tucumán", "pais": 1}}, {"model": "parameters.localidad", "pk": 1, "fields": {"nombre": "La Plata", "provincia": 1, "pais": 1}}, {"model": "parameters.localidad", "pk": 2, "fields": {"nombre": "Mar del Plata", "provincia": 1, "pais": 1}}, {"model": "parameters.localidad", "pk": 3, "fields": {"nombre": "Rosario", "provincia": 21, "pais": 1}}, {"model": "parameters.localidad", "pk": 4, "fields": {"nombre": "Santa Fe", "provincia": 21, "pais": 1}}, {"model": "parameters.localidad", "pk": 5, "fields": {"nombre": "San Miguel de Tucumán", "provincia": 24, "pais": 1}}, {"model": "parameters.localidad", "pk": 6, "fields": {"nombre": "San Salvador de Jujuy", "provincia": 10, "pais": 1}}, {"model": "parameters.localidad", "pk": 7, "fields": {"nombre": "Resistencia", "provincia": 4, "pais": 1}}, {"model": "parameters.localidad", "pk": 8, "fields": {"nombre": "Posadas", "provincia": 14, "pais": 1}}, {"model": "parameters.localidad", "pk": 9, "fields": {"nombre": "San Juan", "provincia": 18, "pais": 1}}, {"model": "socios.socio", "pk": 1, "fields": {"is_deleted": false, "deleted_at": null, "persona": 2, "categoria": 6, "estado": 1, "fecha_ingreso": "2022-11-12", "socio_titular": null, "parentesco": null}}, {"model": "socios.socio", "pk": 2, "fields": {"is_deleted": false, "deleted_at": null, "persona": 1, "categoria": 6, "estado": 1, "fecha_ingreso": "2022-11-13", "socio_titular": 1, "parentesco": 1}}, {"model": "socios.socio", "pk": 3, "fields": {"is_deleted": false, "deleted_at": null, "persona": 3, "categoria": 6, "estado": 1, "fecha_ingreso": "2022-11-13", "socio_titular": 1, "parentesco": 2}}, {"model": "socios.socio", "pk": 17, "fields": {"is_deleted": false, "deleted_at": null, "persona": 4, "categoria": 6, "estado": 1, "fecha_ingreso": "2022-11-13", "socio_titular": null, "parentesco": null}}, {"model": "socios.socio", "pk": 21, "fields": {"is_deleted": false, "deleted_at": null, "persona": 5, "categoria": 6, "estado": 1, "fecha_ingreso": "2022-11-13", "socio_titular": null, "parentesco": null}}, {"model": "socios.socio", "pk": 26, "fields": {"is_deleted": false, "deleted_at": null, "persona": 13, "categoria": 6, "estado": 1, "fecha_ingreso": "2022-11-14", "socio_titular": null, "parentesco": null}}, {"model": "socios.socio", "pk": 28, "fields": {"is_deleted": false, "deleted_at": null, "persona": 15, "categoria": 2, "estado": 1, "fecha_ingreso": "2022-11-16", "socio_titular": 17, "parentesco": 1}}, {"model": "socios.socio", "pk": 29, "fields": {"is_deleted": false, "deleted_at": null, "persona": 16, "categoria": 6, "estado": 1, "fecha_ingreso": "2022-11-16", "socio_titular": null, "parentesco": null}}, {"model": "socios.socio", "pk": 31, "fields": {"is_deleted": false, "deleted_at": null, "persona": 17, "categoria": 6, "estado": 1, "fecha_ingreso": "2022-11-16", "socio_titular": null, "parentesco": null}}, {"model": "socios.categoria", "pk": 1, "fields": {"nombre": "Sin categoria", "cuota": "0.00", "edad_desde": 0, "edad_hasta": 0, "se_factura": false}}, {"model": "socios.categoria", "pk": 2, "fields": {"nombre": "Infantil Básico", "cuota": "2200.00", "edad_desde": 0, "edad_hasta": 12, "se_factura": true}}, {"model": "socios.categoria", "pk": 3, "fields": {"nombre": "Infantil Premium", "cuota": "2500.00", "edad_desde": 0, "edad_hasta": 12, "se_factura": true}}, {"model": "socios.categoria", "pk": 4, "fields": {"nombre": "Adolescente Básico", "cuota": "2600.00", "edad_desde": 13, "edad_hasta": 17, "se_factura": true}}, {"model": "socios.categoria", "pk": 5, "fields": {"nombre": "Adolescente Premium", "cuota": "3000.00", "edad_desde": 13, "edad_hasta": 17, "se_factura": true}}, {"model": "socios.categoria", "pk": 6, "fields": {"nombre": "Adulto Básico", "cuota": "3500.00", "edad_desde": 18, "edad_hasta": 150, "se_factura": true}}, {"model": "socios.categoria", "pk": 7, "fields": {"nombre": "Adulto Premium", "cuota": "4000.00", "edad_desde": 18, "edad_hasta": 150, "se_factura": true}}, {"model": "socios.estado", "pk": 1, "fields": {"nombre": "Al día", "descripcion": "Usted está al día con sus pagos.", "code": "AD", "is_active": true}}, {"model": "socios.estado", "pk": 2, "fields": {"nombre": "Socio moroso", "descripcion": "Usted está adeudando el pago de varias cuotas, por favor regularice su situación en la institución.", "code": "SM", "is_active": false}}, {"model": "socios.solicitudsocio", "pk": 1, "fields": {"is_deleted": false, "deleted_at": null, "sexo": 1, "club": 1, "nombre": "Guillermo", "apellido": "Quintana", "fecha_nacimiento": "1994-04-15", "imagen": "img/solicitudsocio/35789456/iMacM1-Purple.jpeg", "dni": "35789456", "email": "guilequin@gmail.com", "categoria": 6, "is_aprobado": true}}, {"model": "socios.solicitudsocio", "pk": 2, "fields": {"is_deleted": false, "deleted_at": null, "sexo": 1, "club": 1, "nombre": "Ivan Fernando", "apellido": "Paredes", "fecha_nacimiento": "1999-01-29", "imagen": "img/solicitudsocio/41631892/lionelmessi.jpg", "dni": "41631892", "email": "ivanparedes@gmail.com", "categoria": 5, "is_aprobado": true}}]