[{"model": "accounts.user", "pk": 1, "fields": {"password": "pbkdf2_sha256$390000$04FrNEEh4nAgbR8PjtPJWD$M7US7EHeO36xS2hRyjOSnWZV7cIMwmBzKCrkBc0IYgc=", "last_login": "2022-12-03T13:36:57.384Z", "is_superuser": true, "is_staff": true, "is_active": true, "date_joined": "2022-12-02T14:32:27.317Z", "is_deleted": false, "deleted_at": null, "persona": null, "email": "admin@localhost", "username": "admin", "groups": [], "user_permissions": [33, 34, 35, 36, 29, 30, 31, 32, 1, 2, 3, 4, 9, 10, 11, 12, 5, 6, 7, 8, 13, 14, 15, 16, 37, 38, 39, 40, 21, 22, 23, 24, 25, 26, 27, 28, 61, 62, 63, 64, 41, 42, 43, 44, 45, 46, 47, 48, 57, 58, 59, 60, 49, 50, 51, 52, 53, 54, 55, 56, 17, 18, 19, 20, 65, 66, 67, 68, 69, 70, 71, 72, 89, 90, 91, 92, 85, 86, 87, 88, 81, 82, 83, 84, 77, 78, 79, 80, 73, 74, 75, 76]}}, {"model": "accounts.persona", "pk": 1, "fields": {"is_deleted": false, "deleted_at": null, "dni": "13897828", "sexo": 1, "club": 1, "nombre": "Miguel Angel", "apellido": "Rodriguez", "fecha_nacimiento": "1960-04-15", "imagen": "img/persona/13897828/lautaro-martinez.jpeg"}}, {"model": "accounts.persona", "pk": 2, "fields": {"is_deleted": false, "deleted_at": null, "dni": "15975633", "sexo": 1, "club": 1, "nombre": "Franco Gabriel", "apellido": "Rodriguez", "fecha_nacimiento": "1996-11-18", "imagen": "img/persona/15975633/Captura_desde_2022-11-30_14-01-59.png"}}, {"model": "accounts.persona", "pk": 3, "fields": {"is_deleted": false, "deleted_at": null, "dni": "98765432", "sexo": 1, "club": 1, "nombre": "Prueba", "apellido": "Mayor Que Titular", "fecha_nacimiento": "1960-01-01", "imagen": "img/persona/98765432/Captura_desde_2022-11-30_14-01-59.png"}}, {"model": "core.club", "pk": 1, "fields": {"is_deleted": false, "deleted_at": null, "localidad": 8, "nombre": "Club Atletico Bartolome Mitre", "direccion": "Av. Martin Fierro 123", "email": "", "imagen": "img/club_logo/1/Club_atletico_bartolome_mitre_escudo.jpg"}}, {"model": "parameters.parentesco", "pk": 1, "fields": {"nombre": "Hijo/a", "menor_al_titular": true}}, {"model": "parameters.parentesco", "pk": 2, "fields": {"nombre": "Cónyuge", "menor_al_titular": false}}, {"model": "parameters.parentesco", "pk": 3, "fields": {"nombre": "Hermano/a", "menor_al_titular": false}}, {"model": "parameters.parentesco", "pk": 4, "fields": {"nombre": "Nieto/a", "menor_al_titular": true}}, {"model": "parameters.parentesco", "pk": 5, "fields": {"nombre": "Sobrino/a", "menor_al_titular": false}}, {"model": "parameters.sociosparameters", "pk": 1, "fields": {"club": 1, "edad_minima_socio_titular": 16, "dia_emision_cuota": 1, "dia_vencimiento_cuota": 28, "cantidad_maxima_cuotas_pendientes": 2, "aumento_por_cuota_vencida": "10.00"}}, {"model": "parameters.sexo", "pk": 1, "fields": {"nombre": "Masculino"}}, {"model": "parameters.sexo", "pk": 2, "fields": {"nombre": "Femenino"}}, {"model": "parameters.sexo", "pk": 3, "fields": {"nombre": "No binario"}}, {"model": "parameters.sexo", "pk": 4, "fields": {"nombre": "No especificado"}}, {"model": "parameters.sexo", "pk": 5, "fields": {"nombre": "Prefiero no decirlo"}}, {"model": "parameters.pais", "pk": 1, "fields": {"nombre": "Argentina"}}, {"model": "parameters.provincia", "pk": 1, "fields": {"nombre": "Buenos Aires", "pais": 1}}, {"model": "parameters.provincia", "pk": 2, "fields": {"nombre": "CABA", "pais": 1}}, {"model": "parameters.provincia", "pk": 3, "fields": {"nombre": "Catamarca", "pais": 1}}, {"model": "parameters.provincia", "pk": 4, "fields": {"nombre": "Chaco", "pais": 1}}, {"model": "parameters.provincia", "pk": 5, "fields": {"nombre": "Chubut", "pais": 1}}, {"model": "parameters.provincia", "pk": 6, "fields": {"nombre": "Córdoba", "pais": 1}}, {"model": "parameters.provincia", "pk": 7, "fields": {"nombre": "Corrientes", "pais": 1}}, {"model": "parameters.provincia", "pk": 8, "fields": {"nombre": "Entre Ríos", "pais": 1}}, {"model": "parameters.provincia", "pk": 9, "fields": {"nombre": "Formosa", "pais": 1}}, {"model": "parameters.provincia", "pk": 10, "fields": {"nombre": "Jujuy", "pais": 1}}, {"model": "parameters.provincia", "pk": 11, "fields": {"nombre": "La Pampa", "pais": 1}}, {"model": "parameters.provincia", "pk": 12, "fields": {"nombre": "La Rioja", "pais": 1}}, {"model": "parameters.provincia", "pk": 13, "fields": {"nombre": "Mendoza", "pais": 1}}, {"model": "parameters.provincia", "pk": 14, "fields": {"nombre": "Misiones", "pais": 1}}, {"model": "parameters.provincia", "pk": 15, "fields": {"nombre": "Neuquén", "pais": 1}}, {"model": "parameters.provincia", "pk": 16, "fields": {"nombre": "Río Negro", "pais": 1}}, {"model": "parameters.provincia", "pk": 17, "fields": {"nombre": "Salta", "pais": 1}}, {"model": "parameters.provincia", "pk": 18, "fields": {"nombre": "San Juan", "pais": 1}}, {"model": "parameters.provincia", "pk": 19, "fields": {"nombre": "San Luis", "pais": 1}}, {"model": "parameters.provincia", "pk": 20, "fields": {"nombre": "Santa Cruz", "pais": 1}}, {"model": "parameters.provincia", "pk": 21, "fields": {"nombre": "Santa Fe", "pais": 1}}, {"model": "parameters.provincia", "pk": 22, "fields": {"nombre": "Santiago del Estero", "pais": 1}}, {"model": "parameters.provincia", "pk": 23, "fields": {"nombre": "Tierra del Fuego, Antártida e Islas del Atlántico Sur", "pais": 1}}, {"model": "parameters.provincia", "pk": 24, "fields": {"nombre": "Tucumán", "pais": 1}}, {"model": "parameters.localidad", "pk": 1, "fields": {"nombre": "La Plata", "provincia": 1, "pais": 1}}, {"model": "parameters.localidad", "pk": 2, "fields": {"nombre": "Mar del Plata", "provincia": 1, "pais": 1}}, {"model": "parameters.localidad", "pk": 3, "fields": {"nombre": "Rosario", "provincia": 21, "pais": 1}}, {"model": "parameters.localidad", "pk": 4, "fields": {"nombre": "Santa Fe", "provincia": 21, "pais": 1}}, {"model": "parameters.localidad", "pk": 5, "fields": {"nombre": "San Miguel de Tucumán", "provincia": 24, "pais": 1}}, {"model": "parameters.localidad", "pk": 6, "fields": {"nombre": "San Salvador de Jujuy", "provincia": 10, "pais": 1}}, {"model": "parameters.localidad", "pk": 7, "fields": {"nombre": "Resistencia", "provincia": 4, "pais": 1}}, {"model": "parameters.localidad", "pk": 8, "fields": {"nombre": "Posadas", "provincia": 14, "pais": 1}}, {"model": "parameters.localidad", "pk": 9, "fields": {"nombre": "San Juan", "provincia": 18, "pais": 1}}, {"model": "socios.historicalsocio", "pk": 1, "fields": {"id": 1, "is_deleted": false, "deleted_at": null, "fecha_ingreso": "2022-12-02", "persona": 1, "categoria": 7, "socio_titular": null, "parentesco": null, "history_date": "2022-12-02T14:55:11.457Z", "history_change_reason": null, "history_type": "+", "history_user": 1}}, {"model": "socios.historicalsocio", "pk": 2, "fields": {"id": 1, "is_deleted": true, "deleted_at": "2022-12-02T15:00:22.341Z", "fecha_ingreso": "2022-12-02", "persona": 1, "categoria": 7, "socio_titular": null, "parentesco": null, "history_date": "2022-12-02T15:00:22.341Z", "history_change_reason": "Prueba.", "history_type": "~", "history_user": 1}}, {"model": "socios.historicalsocio", "pk": 3, "fields": {"id": 1, "is_deleted": false, "deleted_at": null, "fecha_ingreso": "2022-12-02", "persona": 1, "categoria": 7, "socio_titular": null, "parentesco": null, "history_date": "2022-12-02T15:00:47.431Z", "history_change_reason": null, "history_type": "~", "history_user": 1}}, {"model": "socios.historicalsocio", "pk": 4, "fields": {"id": 2, "is_deleted": false, "deleted_at": null, "fecha_ingreso": "2022-12-03", "persona": 2, "categoria": 7, "socio_titular": 1, "parentesco": 1, "history_date": "2022-12-03T14:47:36.411Z", "history_change_reason": null, "history_type": "+", "history_user": 1}}, {"model": "socios.historicalsocio", "pk": 5, "fields": {"id": 3, "is_deleted": false, "deleted_at": null, "fecha_ingreso": "2022-12-03", "persona": 3, "categoria": 7, "socio_titular": 1, "parentesco": 3, "history_date": "2022-12-03T14:49:10.958Z", "history_change_reason": null, "history_type": "+", "history_user": 1}}, {"model": "socios.historicalsocio", "pk": 6, "fields": {"id": 3, "is_deleted": false, "deleted_at": null, "fecha_ingreso": "2022-12-03", "persona": 3, "categoria": 7, "socio_titular": 1, "parentesco": 2, "history_date": "2022-12-03T14:49:26.697Z", "history_change_reason": null, "history_type": "~", "history_user": 1}}, {"model": "socios.socio", "pk": 1, "fields": {"is_deleted": false, "deleted_at": null, "persona": 1, "categoria": 7, "fecha_ingreso": "2022-12-02", "socio_titular": null, "parentesco": null}}, {"model": "socios.socio", "pk": 2, "fields": {"is_deleted": false, "deleted_at": null, "persona": 2, "categoria": 7, "fecha_ingreso": "2022-12-03", "socio_titular": 1, "parentesco": 1}}, {"model": "socios.socio", "pk": 3, "fields": {"is_deleted": false, "deleted_at": null, "persona": 3, "categoria": 7, "fecha_ingreso": "2022-12-03", "socio_titular": 1, "parentesco": 2}}, {"model": "socios.categoria", "pk": 1, "fields": {"nombre": "Sin categoria", "cuota": "0.00", "edad_desde": 0, "edad_hasta": 0, "se_factura": false}}, {"model": "socios.categoria", "pk": 2, "fields": {"nombre": "Infantil Básico", "cuota": "2200.00", "edad_desde": 0, "edad_hasta": 12, "se_factura": true}}, {"model": "socios.categoria", "pk": 3, "fields": {"nombre": "Infantil Premium", "cuota": "2500.00", "edad_desde": 0, "edad_hasta": 12, "se_factura": true}}, {"model": "socios.categoria", "pk": 4, "fields": {"nombre": "Adolescente Básico", "cuota": "2600.00", "edad_desde": 13, "edad_hasta": 17, "se_factura": true}}, {"model": "socios.categoria", "pk": 5, "fields": {"nombre": "Adolescente Premium", "cuota": "3000.00", "edad_desde": 13, "edad_hasta": 17, "se_factura": true}}, {"model": "socios.categoria", "pk": 6, "fields": {"nombre": "Adulto Básico", "cuota": "3500.00", "edad_desde": 18, "edad_hasta": 150, "se_factura": true}}, {"model": "socios.categoria", "pk": 7, "fields": {"nombre": "Adulto Premium", "cuota": "4000.00", "edad_desde": 18, "edad_hasta": 150, "se_factura": true}}]